url_path,views_total,views_unique
/privacysandbox/privacy-sandbox-demos,60,43
/privacysandbox/privacy-sandbox-demos/issues,16,9
/privacysandbox/privacy-sandbox-demos/blob/main/README.md,8,8
/privacysandbox/privacy-sandbox-demos/commits/main,7,3
/privacysandbox/privacy-sandbox-demos/blob/main/CONTRIBUTING.md,6,6
/privacysandbox/privacy-sandbox-demos/actions,3,1
/privacysandbox/privacy-sandbox-demos/blob/67d4c6368ff422ad9e952961352b5ac74ee9f500/services/shop/src/views/item.ejs,3,1
/privacysandbox/privacy-sandbox-demos/tree/main/.github,3,1
/privacysandbox/privacy-sandbox-demos/blob/main/docs/deploy-to-linux-docker.md,2,2
/privacysandbox/privacy-sandbox-demos/blob/main/.prettierignore,2,2
